PRAGMA foreign_keys=OFF;
BEGIN TRANSACTION;
CREATE TABLE delegates_map (r_id INTEGER NOT NULL REFERENCES rules(id) ON DELETE CASCADE,d_id INTEGER NOT NULL REFERENCES rules(id) ON DELETE CASCADE,ord INTEGER NOT NULL);
INSERT INTO "delegates_map" VALUES(9,5,0);
INSERT INTO "delegates_map" VALUES(9,6,1);
INSERT INTO "delegates_map" VALUES(28,20,0);
INSERT INTO "delegates_map" VALUES(28,1,1);
INSERT INTO "delegates_map" VALUES(28,12,2);
INSERT INTO "delegates_map" VALUES(29,13,0);
INSERT INTO "delegates_map" VALUES(29,15,1);
INSERT INTO "delegates_map" VALUES(30,6,0);
INSERT INTO "delegates_map" VALUES(30,21,1);
INSERT INTO "delegates_map" VALUES(31,9,0);
INSERT INTO "delegates_map" VALUES(31,21,1);
INSERT INTO "delegates_map" VALUES(32,18,0);
INSERT INTO "delegates_map" VALUES(32,6,1);
INSERT INTO "delegates_map" VALUES(33,20,0);
INSERT INTO "delegates_map" VALUES(33,9,1);
INSERT INTO "delegates_map" VALUES(33,4,2);
INSERT INTO "delegates_map" VALUES(34,20,0);
INSERT INTO "delegates_map" VALUES(34,9,1);
INSERT INTO "delegates_map" VALUES(34,22,2);
INSERT INTO "delegates_map" VALUES(35,6,0);
INSERT INTO "delegates_map" VALUES(35,25,1);
INSERT INTO "delegates_map" VALUES(36,20,0);
INSERT INTO "delegates_map" VALUES(36,31,1);
INSERT INTO "delegates_map" VALUES(37,23,0);
INSERT INTO "delegates_map" VALUES(37,6,1);
INSERT INTO "delegates_map" VALUES(38,37,0);
INSERT INTO "delegates_map" VALUES(38,35,1);
INSERT INTO "delegates_map" VALUES(39,32,0);
INSERT INTO "delegates_map" VALUES(39,10,1);
INSERT INTO "delegates_map" VALUES(40,19,0);
INSERT INTO "delegates_map" VALUES(43,36,0);
INSERT INTO "delegates_map" VALUES(44,6,0);
INSERT INTO "delegates_map" VALUES(47,19,0);
INSERT INTO "delegates_map" VALUES(49,24,0);
INSERT INTO "delegates_map" VALUES(51,20,0);
INSERT INTO "delegates_map" VALUES(51,5,1);
INSERT INTO "delegates_map" VALUES(51,19,2);
INSERT INTO "delegates_map" VALUES(52,6,0);
INSERT INTO "delegates_map" VALUES(53,20,0);
INSERT INTO "delegates_map" VALUES(53,5,1);
INSERT INTO "delegates_map" VALUES(53,19,2);
INSERT INTO "delegates_map" VALUES(57,5,0);
INSERT INTO "delegates_map" VALUES(57,14,1);
INSERT INTO "delegates_map" VALUES(68,10,0);
INSERT INTO "delegates_map" VALUES(71,36,0);
INSERT INTO "delegates_map" VALUES(72,29,0);
INSERT INTO "delegates_map" VALUES(73,20,0);
INSERT INTO "delegates_map" VALUES(73,5,1);
INSERT INTO "delegates_map" VALUES(73,16,2);
INSERT INTO "delegates_map" VALUES(73,21,3);
INSERT INTO "delegates_map" VALUES(77,20,0);
INSERT INTO "delegates_map" VALUES(77,5,1);
INSERT INTO "delegates_map" VALUES(77,21,2);
INSERT INTO "delegates_map" VALUES(78,20,0);
INSERT INTO "delegates_map" VALUES(78,14,1);
INSERT INTO "delegates_map" VALUES(79,11,0);
INSERT INTO "delegates_map" VALUES(83,36,0);
INSERT INTO "delegates_map" VALUES(84,36,0);
INSERT INTO "delegates_map" VALUES(88,5,0);
INSERT INTO "delegates_map" VALUES(88,14,1);
INSERT INTO "delegates_map" VALUES(89,19,0);
INSERT INTO "delegates_map" VALUES(96,5,0);
INSERT INTO "delegates_map" VALUES(96,14,1);
INSERT INTO "delegates_map" VALUES(97,39,0);
INSERT INTO "delegates_map" VALUES(98,39,0);
INSERT INTO "delegates_map" VALUES(103,31,0);
INSERT INTO "delegates_map" VALUES(104,28,0);
INSERT INTO "delegates_map" VALUES(105,20,0);
INSERT INTO "delegates_map" VALUES(105,5,1);
INSERT INTO "delegates_map" VALUES(105,16,2);
INSERT INTO "delegates_map" VALUES(105,21,3);
INSERT INTO "delegates_map" VALUES(106,20,0);
INSERT INTO "delegates_map" VALUES(106,5,1);
INSERT INTO "delegates_map" VALUES(106,21,2);
INSERT INTO "delegates_map" VALUES(108,20,0);
INSERT INTO "delegates_map" VALUES(108,5,1);
INSERT INTO "delegates_map" VALUES(108,16,2);
INSERT INTO "delegates_map" VALUES(108,21,3);
INSERT INTO "delegates_map" VALUES(116,16,0);
INSERT INTO "delegates_map" VALUES(116,5,1);
INSERT INTO "delegates_map" VALUES(116,20,2);
INSERT INTO "delegates_map" VALUES(117,19,0);
INSERT INTO "delegates_map" VALUES(119,20,0);
INSERT INTO "delegates_map" VALUES(119,5,1);
INSERT INTO "delegates_map" VALUES(119,16,2);
INSERT INTO "delegates_map" VALUES(119,19,3);
INSERT INTO "delegates_map" VALUES(128,38,0);
INSERT INTO "delegates_map" VALUES(129,14,0);
INSERT INTO "delegates_map" VALUES(132,34,0);
INSERT INTO "delegates_map" VALUES(133,6,0);
INSERT INTO "delegates_map" VALUES(133,4,1);
INSERT INTO "delegates_map" VALUES(134,31,0);
INSERT INTO "delegates_map" VALUES(136,20,0);
INSERT INTO "delegates_map" VALUES(136,5,1);
INSERT INTO "delegates_map" VALUES(136,21,2);
INSERT INTO "delegates_map" VALUES(137,20,0);
INSERT INTO "delegates_map" VALUES(137,5,1);
INSERT INTO "delegates_map" VALUES(137,16,2);
INSERT INTO "delegates_map" VALUES(137,21,3);
INSERT INTO "delegates_map" VALUES(139,19,0);
INSERT INTO "delegates_map" VALUES(140,19,0);
INSERT INTO "delegates_map" VALUES(143,5,0);
INSERT INTO "delegates_map" VALUES(143,14,1);
INSERT INTO "delegates_map" VALUES(151,20,0);
INSERT INTO "delegates_map" VALUES(151,14,1);
INSERT INTO "delegates_map" VALUES(155,20,0);
INSERT INTO "delegates_map" VALUES(155,5,1);
INSERT INTO "delegates_map" VALUES(155,21,2);
INSERT INTO "delegates_map" VALUES(156,24,0);
INSERT INTO "delegates_map" VALUES(156,7,1);
INSERT INTO "delegates_map" VALUES(158,36,0);
INSERT INTO "delegates_map" VALUES(163,5,0);
INSERT INTO "delegates_map" VALUES(169,14,0);
INSERT INTO "delegates_map" VALUES(170,14,0);
INSERT INTO "delegates_map" VALUES(175,15,0);
INSERT INTO "delegates_map" VALUES(175,173,1);
INSERT INTO "delegates_map" VALUES(176,174,0);
INSERT INTO "delegates_map" VALUES(176,6,1);
INSERT INTO "delegates_map" VALUES(177,176,0);
INSERT INTO "delegates_map" VALUES(177,171,1);
INSERT INTO "delegates_map" VALUES(180,6,0);
INSERT INTO "delegates_map" VALUES(180,10,1);
INSERT INTO "delegates_map" VALUES(115,20,0);
INSERT INTO "delegates_map" VALUES(115,177,1);
INSERT INTO "delegates_map" VALUES(181,175,0);
INSERT INTO "delegates_map" VALUES(183,172,0);
INSERT INTO "delegates_map" VALUES(159,6,0);
INSERT INTO "delegates_map" VALUES(159,5,1);
INSERT INTO "delegates_map" VALUES(159,20,2);
INSERT INTO "delegates_map" VALUES(159,19,3);
CREATE TABLE mechanisms (id INTEGER PRIMARY KEY AUTOINCREMENT UNIQUE,plugin TEXT NOT NULL,param TEXT NOT NULL,privileged INTEGER CHECK (privileged = 0 OR privileged = 1) NOT NULL DEFAULT (0));
INSERT INTO "mechanisms" VALUES(1,'builtin','authenticate',0);
INSERT INTO "mechanisms" VALUES(2,'builtin','reset-password',1);
INSERT INTO "mechanisms" VALUES(3,'builtin','authenticate',1);
INSERT INTO "mechanisms" VALUES(4,'PKINITMechanism','auth',1);
INSERT INTO "mechanisms" VALUES(5,'builtin','entitled',1);
INSERT INTO "mechanisms" VALUES(6,'builtin','on-console',0);
INSERT INTO "mechanisms" VALUES(7,'RestartAuthorization','restart',0);
INSERT INTO "mechanisms" VALUES(8,'RestartAuthorization','success',0);
INSERT INTO "mechanisms" VALUES(9,'DiskUnlock','prompt',0);
INSERT INTO "mechanisms" VALUES(10,'DiskUnlock','unlock',1);
INSERT INTO "mechanisms" VALUES(11,'builtin','confirm-access',0);
INSERT INTO "mechanisms" VALUES(12,'loginKC','queryCreate',0);
INSERT INTO "mechanisms" VALUES(13,'loginKC','showPasswordUI',0);
INSERT INTO "mechanisms" VALUES(14,'builtin','smartcard-sniffer',1);
INSERT INTO "mechanisms" VALUES(15,'loginwindow','login',0);
INSERT INTO "mechanisms" VALUES(16,'builtin','auto-login',1);
INSERT INTO "mechanisms" VALUES(17,'builtin','authenticate-nocred',1);
INSERT INTO "mechanisms" VALUES(18,'loginwindow','success',0);
INSERT INTO "mechanisms" VALUES(19,'loginwindow','done',0);
INSERT INTO "mechanisms" VALUES(20,'builtin','policy-banner',0);
INSERT INTO "mechanisms" VALUES(21,'builtin','login-begin',0);
INSERT INTO "mechanisms" VALUES(22,'builtin','forward-login',1);
INSERT INTO "mechanisms" VALUES(23,'builtin','login-success',0);
INSERT INTO "mechanisms" VALUES(24,'loginwindow','FDESupport',1);
INSERT INTO "mechanisms" VALUES(25,'HomeDirMechanism','login',1);
INSERT INTO "mechanisms" VALUES(26,'HomeDirMechanism','status',0);
INSERT INTO "mechanisms" VALUES(27,'MCXMechanism','login',0);
INSERT INTO "mechanisms" VALUES(28,'KerberosAgent','kerberos-dialog',0);
INSERT INTO "mechanisms" VALUES(29,'KerberosAgent','kerberos-authenticate',1);
INSERT INTO "mechanisms" VALUES(30,'builtin','confirm-access-password',0);
INSERT INTO "mechanisms" VALUES(31,'RestartAuthorization','shutdown',0);
INSERT INTO "mechanisms" VALUES(32,'builtin','generic-new-passphrase',0);
INSERT INTO "mechanisms" VALUES(33,'builtin','generic-unlock',0);
INSERT INTO "mechanisms" VALUES(34,'FamilyControls','invoke',0);
INSERT INTO "mechanisms" VALUES(35,'FamilyControls','authenticate',0);
INSERT INTO "mechanisms" VALUES(36,'FamilyControls','success',0);
INSERT INTO "mechanisms" VALUES(37,'builtin','unlock-keychain',0);
INSERT INTO "mechanisms" VALUES(38,'builtin','kc-verify',1);
INSERT INTO "mechanisms" VALUES(39,'LocalAuthentication','context',0);
INSERT INTO "mechanisms" VALUES(40,'LocalAuthentication','UI',0);
INSERT INTO "mechanisms" VALUES(41,'CryptoTokenKit','login',0);
CREATE TABLE mechanisms_map (r_id INTEGER NOT NULL REFERENCES rules(id) ON DELETE CASCADE,m_id INTEGER NOT NULL REFERENCES mechanisms(id) ON DELETE CASCADE,ord INTEGER NOT NULL);
INSERT INTO "mechanisms_map" VALUES(3,1,0);
INSERT INTO "mechanisms_map" VALUES(3,2,1);
INSERT INTO "mechanisms_map" VALUES(3,3,2);
INSERT INTO "mechanisms_map" VALUES(3,4,3);
INSERT INTO "mechanisms_map" VALUES(6,5,0);
INSERT INTO "mechanisms_map" VALUES(16,6,0);
INSERT INTO "mechanisms_map" VALUES(55,7,0);
INSERT INTO "mechanisms_map" VALUES(55,3,1);
INSERT INTO "mechanisms_map" VALUES(55,8,2);
INSERT INTO "mechanisms_map" VALUES(62,9,0);
INSERT INTO "mechanisms_map" VALUES(62,10,1);
INSERT INTO "mechanisms_map" VALUES(80,11,0);
INSERT INTO "mechanisms_map" VALUES(87,14,0);
INSERT INTO "mechanisms_map" VALUES(87,15,1);
INSERT INTO "mechanisms_map" VALUES(87,2,2);
INSERT INTO "mechanisms_map" VALUES(87,16,3);
INSERT INTO "mechanisms_map" VALUES(87,17,4);
INSERT INTO "mechanisms_map" VALUES(87,18,5);
INSERT INTO "mechanisms_map" VALUES(87,19,6);
INSERT INTO "mechanisms_map" VALUES(95,28,0);
INSERT INTO "mechanisms_map" VALUES(95,29,1);
INSERT INTO "mechanisms_map" VALUES(107,30,0);
INSERT INTO "mechanisms_map" VALUES(122,31,0);
INSERT INTO "mechanisms_map" VALUES(122,3,1);
INSERT INTO "mechanisms_map" VALUES(122,8,2);
INSERT INTO "mechanisms_map" VALUES(148,32,0);
INSERT INTO "mechanisms_map" VALUES(152,33,0);
INSERT INTO "mechanisms_map" VALUES(162,34,0);
INSERT INTO "mechanisms_map" VALUES(162,35,1);
INSERT INTO "mechanisms_map" VALUES(162,36,2);
INSERT INTO "mechanisms_map" VALUES(172,37,0);
INSERT INTO "mechanisms_map" VALUES(172,38,1);
INSERT INTO "mechanisms_map" VALUES(173,39,0);
INSERT INTO "mechanisms_map" VALUES(182,40,0);
INSERT INTO "mechanisms_map" VALUES(91,20,0);
INSERT INTO "mechanisms_map" VALUES(91,15,1);
INSERT INTO "mechanisms_map" VALUES(91,21,2);
INSERT INTO "mechanisms_map" VALUES(91,2,3);
INSERT INTO "mechanisms_map" VALUES(91,22,4);
INSERT INTO "mechanisms_map" VALUES(91,16,5);
INSERT INTO "mechanisms_map" VALUES(91,3,6);
INSERT INTO "mechanisms_map" VALUES(91,4,7);
INSERT INTO "mechanisms_map" VALUES(91,23,8);
INSERT INTO "mechanisms_map" VALUES(91,18,9);
INSERT INTO "mechanisms_map" VALUES(91,24,10);
INSERT INTO "mechanisms_map" VALUES(91,25,11);
INSERT INTO "mechanisms_map" VALUES(91,26,12);
INSERT INTO "mechanisms_map" VALUES(91,27,13);
INSERT INTO "mechanisms_map" VALUES(91,41,14);
INSERT INTO "mechanisms_map" VALUES(91,19,15);
INSERT INTO "mechanisms_map" VALUES(82,12,0);
INSERT INTO "mechanisms_map" VALUES(82,13,1);
INSERT INTO "mechanisms_map" VALUES(184,32,0);
CREATE TABLE rules (id INTEGER PRIMARY KEY AUTOINCREMENT UNIQUE,name TEXT NOT NULL UNIQUE,type INTEGER CHECK (type = 1 OR type = 2) NOT NULL,class INTEGER CHECK (class > 0),'group' TEXT,kofn INTEGER,timeout INTEGER,flags INTEGER,tries INTEGER,version INTEGER NOT NULL DEFAULT (0),created REAL NOT NULL DEFAULT (0),modified REAL NOT NULL DEFAULT (0),hash BLOB,identifier TEXT,requirement BLOB,comment TEXT);
INSERT INTO "rules" VALUES(1,'is-lpadmin',2,1,'_lpadmin',NULL,2147483647,0,10000,0,491746605.677129,491746605.677129,NULL,NULL,NULL,NULL);
INSERT INTO "rules" VALUES(2,'authenticate-session-user',2,1,NULL,NULL,2147483647,12,10000,0,491746605.677129,491746605.677129,NULL,NULL,NULL,'Same as authenticate-session-owner.');
INSERT INTO "rules" VALUES(3,'authenticate',2,3,NULL,NULL,NULL,1,10000,0,491746605.677129,491746605.677129,NULL,NULL,NULL,NULL);
INSERT INTO "rules" VALUES(4,'admin',2,1,'admin',NULL,2147483647,9,10000,0,491746605.677129,491746605.677129,NULL,NULL,NULL,NULL);
INSERT INTO "rules" VALUES(5,'is-admin',2,1,'admin',NULL,2147483647,1,10000,0,491746605.677129,491746605.677129,NULL,NULL,NULL,'Verify that the user asking for authorization is an administrator.');
INSERT INTO "rules" VALUES(6,'entitled',2,3,NULL,NULL,NULL,1,1,0,491746605.677129,491746605.677129,NULL,NULL,NULL,NULL);
INSERT INTO "rules" VALUES(7,'appserver-user',2,1,'appserverusr',NULL,2147483647,8,10000,0,491746605.677129,491746605.677129,NULL,NULL,NULL,NULL);
INSERT INTO "rules" VALUES(8,'authenticate-session-owner-or-admin',2,1,'admin',NULL,2147483647,12,10000,0,491746605.677129,491746605.677129,NULL,NULL,NULL,'Authenticate either as the owner or as an administrator.');
INSERT INTO "rules" VALUES(9,'entitled-admin',2,2,NULL,2,NULL,0,NULL,0,491746605.677129,491746605.677129,NULL,NULL,NULL,NULL);
INSERT INTO "rules" VALUES(10,'authenticate-session-owner',2,1,NULL,NULL,2147483647,12,10000,0,491746605.677129,491746605.677129,NULL,NULL,NULL,'Authenticate as the session owner.');
INSERT INTO "rules" VALUES(11,'use-login-window-ui',2,1,'admin',NULL,2147483647,12,10000,0,491746605.677129,491746605.677129,NULL,NULL,NULL,'Authenticate either as the owner or as an administrator.');
INSERT INTO "rules" VALUES(12,'lpadmin',2,1,'_lpadmin',NULL,2147483647,9,10000,0,491746605.677129,491746605.677129,NULL,NULL,NULL,NULL);
INSERT INTO "rules" VALUES(13,'authenticate-admin-extract',2,1,'admin',NULL,0,664,10000,1,491746605.677129,517237634.654157,NULL,NULL,NULL,'Authenticate as an administrator + allow password extraction.');
INSERT INTO "rules" VALUES(14,'authenticate-admin',2,1,'admin',NULL,0,9,10000,0,491746605.677129,491746605.677129,NULL,NULL,NULL,'Authenticate as an administrator.');
INSERT INTO "rules" VALUES(15,'authenticate-staff-extract',2,1,'staff',NULL,0,664,10000,1,491746605.677129,517237634.654157,NULL,NULL,NULL,'Authenticate as group staff + allow password to be extracted.');
INSERT INTO "rules" VALUES(16,'on-console',2,3,NULL,NULL,NULL,1,1,0,491746605.677129,491746605.677129,NULL,NULL,NULL,NULL);
INSERT INTO "rules" VALUES(17,'allow',2,4,NULL,NULL,NULL,0,NULL,0,491746605.677129,491746605.677129,NULL,NULL,NULL,'Allow anyone.');
INSERT INTO "rules" VALUES(18,'is-session-owner',2,1,NULL,NULL,2147483647,4,10000,0,491746605.677129,491746605.677129,NULL,NULL,NULL,'Verify that the requesting process is running as the session owner.');
INSERT INTO "rules" VALUES(19,'default',2,1,'admin',NULL,300,9,10000,0,491746605.677129,491746605.677129,NULL,NULL,NULL,'Default rule.	
            Credentials remain valid for 5 minutes after they''ve been obtained. 
            An acquired credential is shared by all clients.
			');
INSERT INTO "rules" VALUES(20,'is-root',2,1,NULL,NULL,2147483647,2,10000,0,491746605.677129,491746605.677129,NULL,NULL,NULL,'Verify that the process that created this AuthorizationRef is running as root.');
INSERT INTO "rules" VALUES(21,'authenticate-admin-30',2,1,'admin',NULL,30,9,10000,0,491746605.677129,491746605.677129,NULL,NULL,NULL,'Like the default rule, but 
            credentials remain valid for only 30 seconds after they''ve 
            been obtained.  An acquired credential is shared by all clients.
			');
INSERT INTO "rules" VALUES(22,'app-specific-admin',2,1,'admin',NULL,2147483647,8,10000,0,491746605.677129,491746605.677129,NULL,NULL,NULL,NULL);
INSERT INTO "rules" VALUES(23,'is-appstore',2,1,'_appstore',NULL,2147483647,1,10000,0,491746605.677129,491746605.677129,NULL,NULL,NULL,NULL);
INSERT INTO "rules" VALUES(24,'appserver-admin',2,1,'appserveradm',NULL,2147483647,8,10000,0,491746605.677129,491746605.677129,NULL,NULL,NULL,NULL);
INSERT INTO "rules" VALUES(25,'authenticate-appstore-30',2,1,'_appstore',NULL,30,9,10000,0,491746605.677129,491746605.677129,NULL,NULL,NULL,NULL);
INSERT INTO "rules" VALUES(26,'is-developer',2,1,'_developer',NULL,2147483647,0,10000,0,491746605.677129,491746605.677129,NULL,NULL,NULL,'Verify that the user asking for authorization is a developer.');
INSERT INTO "rules" VALUES(27,'authenticate-developer',2,1,'_developer',NULL,36000,9,10000,0,491746605.677129,491746605.677129,NULL,NULL,NULL,'Authenticate as a developer.');
INSERT INTO "rules" VALUES(28,'root-or-lpadmin',2,2,NULL,1,NULL,0,NULL,0,491746605.677129,491746605.677129,NULL,NULL,NULL,NULL);
INSERT INTO "rules" VALUES(29,'authenticate-admin-or-staff-extract',2,2,NULL,1,NULL,0,NULL,0,491746605.677129,491746605.677129,NULL,NULL,NULL,NULL);
INSERT INTO "rules" VALUES(30,'entitled-authenticate-admin',2,2,NULL,2,NULL,0,NULL,0,491746605.677129,491746605.677129,NULL,NULL,NULL,NULL);
INSERT INTO "rules" VALUES(31,'entitled-admin-or-authenticate-admin',2,2,NULL,1,NULL,0,NULL,0,491746605.677129,491746605.677129,NULL,NULL,NULL,NULL);
INSERT INTO "rules" VALUES(32,'entitled-session-owner',2,2,NULL,2,NULL,0,NULL,0,491746605.677129,491746605.677129,NULL,NULL,NULL,NULL);
INSERT INTO "rules" VALUES(33,'root-or-entitled-admin-or-admin',2,2,NULL,1,NULL,0,NULL,0,491746605.677129,491746605.677129,NULL,NULL,NULL,NULL);
INSERT INTO "rules" VALUES(34,'root-or-entitled-admin-or-app-specific-admin',2,2,NULL,1,NULL,0,NULL,0,491746605.677129,491746605.677129,NULL,NULL,NULL,NULL);
INSERT INTO "rules" VALUES(35,'entitled-authenticate-appstore',2,2,NULL,2,NULL,0,NULL,0,491746605.677129,491746605.677129,NULL,NULL,NULL,NULL);
INSERT INTO "rules" VALUES(36,'root-or-entitled-admin-or-authenticate-admin',2,2,NULL,1,NULL,0,NULL,0,491746605.677129,491746605.677129,NULL,NULL,NULL,NULL);
INSERT INTO "rules" VALUES(37,'entitled-appstore',2,2,NULL,2,NULL,0,NULL,0,491746605.677129,491746605.677129,NULL,NULL,NULL,NULL);
INSERT INTO "rules" VALUES(38,'entitled-appstore-or-entitled-authenticate-appstore',2,2,NULL,1,NULL,0,NULL,0,491746605.677129,491746605.677129,NULL,NULL,NULL,NULL);
INSERT INTO "rules" VALUES(39,'entitled-session-owner-or-authenticate-session-owner',2,2,NULL,1,NULL,0,NULL,0,491746605.677129,491746605.677129,NULL,NULL,NULL,NULL);
INSERT INTO "rules" VALUES(40,'',1,2,NULL,NULL,NULL,0,NULL,0,491746605.677129,491746605.677129,NULL,NULL,NULL,'Matches otherwise unmatched rights (i.e., is a default).');
INSERT INTO "rules" VALUES(41,'config.add.',1,4,NULL,NULL,NULL,0,NULL,0,491746605.677129,491746605.677129,NULL,NULL,NULL,'Wildcard right for adding rights.  Anyone is allowed to add any (non-wildcard) rights.');
INSERT INTO "rules" VALUES(42,'system.preferences.accounts',1,1,'admin',NULL,2147483647,10,10000,0,491746605.677129,491746605.677129,NULL,NULL,NULL,'Checked by the Admin framework when making changes to the Users & Groups preference pane.');
INSERT INTO "rules" VALUES(43,'com.apple.SoftwareUpdate.scan',1,2,NULL,NULL,NULL,0,NULL,0,491746605.677129,491746605.677129,NULL,NULL,NULL,'Checked when user is updating software.');
INSERT INTO "rules" VALUES(44,'system.install.software.mdm-provided',1,2,NULL,NULL,NULL,0,NULL,1,491746605.677129,491746605.677129,NULL,NULL,NULL,NULL);
INSERT INTO "rules" VALUES(45,'system.preferences.datetime',1,1,'admin',NULL,2147483647,10,10000,1,491746605.677129,491746605.677129,NULL,NULL,NULL,'Checked by the Admin framework when making changes to the Date & Time preference pane.');
INSERT INTO "rules" VALUES(46,'system.services.networkextension.filtering',1,1,'admin',NULL,2147483647,330,10000,0,491746605.677129,491746605.677129,NULL,NULL,NULL,'For making changes to the Content Filtering configuration using NetworkExtension.');
INSERT INTO "rules" VALUES(47,'system.identity.write.credential',1,2,NULL,NULL,NULL,0,NULL,0,491746605.677129,491746605.677129,NULL,NULL,NULL,'Checked when changing authentication credentials (password or certificate) for a local user account.');
INSERT INTO "rules" VALUES(48,'config.remove.system.',1,5,NULL,NULL,NULL,0,NULL,0,491746605.677129,491746605.677129,NULL,NULL,NULL,'Wildcard right for deleting system rights.');
INSERT INTO "rules" VALUES(49,'com.apple.appserver.privilege.admin',1,2,NULL,NULL,NULL,0,NULL,0,491746605.677129,491746605.677129,NULL,NULL,NULL,'For administrative access to the Application Server management tool.');
INSERT INTO "rules" VALUES(50,'system.privilege.taskport.safe',1,4,NULL,NULL,NULL,0,NULL,0,491746605.677129,491746605.677129,NULL,NULL,NULL,'For use by Apple.');
INSERT INTO "rules" VALUES(51,'com.apple.DiskManagement.internal.',1,2,NULL,1,NULL,0,NULL,0,491746605.677129,491746605.677129,NULL,NULL,NULL,'Used by diskmanagementd to allow access to its privileged functions');
INSERT INTO "rules" VALUES(52,'system.install.apple-config-data',1,2,NULL,NULL,NULL,0,NULL,0,491746605.677129,491746605.677129,NULL,NULL,NULL,NULL);
INSERT INTO "rules" VALUES(53,'com.apple.AOSNotification.FindMyMac.modify',1,2,NULL,1,NULL,0,NULL,0,491746605.677129,491746605.677129,NULL,NULL,NULL,NULL);
INSERT INTO "rules" VALUES(54,'system.print.operator',1,1,'_lpoperator',NULL,2147483647,11,10000,0,491746605.677129,491746605.677129,NULL,NULL,NULL,NULL);
INSERT INTO "rules" VALUES(55,'system.restart',1,3,NULL,NULL,NULL,1,10000,0,491746605.677129,491746605.677129,NULL,NULL,NULL,'Checked if the foreground console user tries to restart the system while other users are logged in via fast-user switching.');
INSERT INTO "rules" VALUES(56,'system.services.networkextension.vpn',1,1,'admin',NULL,2147483647,330,10000,0,491746605.677129,491746605.677129,NULL,NULL,NULL,'For making changes to the VPN configuration using NetworkExtension.');
INSERT INTO "rules" VALUES(57,'system.printingmanager',1,2,NULL,1,NULL,0,NULL,0,491746605.677129,491746605.677129,NULL,NULL,NULL,'For printing to locked printers.');
INSERT INTO "rules" VALUES(58,'system.install.software.iap',1,1,NULL,NULL,2147483647,34,10000,0,491746605.677129,491746605.677129,NULL,NULL,NULL,NULL);
INSERT INTO "rules" VALUES(59,'system.install.apple-software.standard-user',1,1,'admin',NULL,10,40,10000,0,491746605.677129,491746605.677129,NULL,NULL,NULL,'Checked when user is installing new software.');
INSERT INTO "rules" VALUES(60,'com.apple.Safari.allow-unsigned-app-extensions',1,1,NULL,NULL,2147483647,12,10000,0,491746605.677129,491746605.677129,NULL,NULL,NULL,'This right is used by Safari to allow unsigned extensions in the Develop Menu.');
INSERT INTO "rules" VALUES(61,'com.apple.DiskManagement.reserveKEK',1,1,'admin',NULL,2147483647,10,10000,0,491746605.677129,491746605.677129,NULL,NULL,NULL,'Used by diskmanagementd to allow use of the reserve KEK.');
INSERT INTO "rules" VALUES(62,'system.disk.unlock',1,3,NULL,NULL,NULL,1,10000,0,491746605.677129,491746605.677129,NULL,NULL,NULL,'Do not modify.');
INSERT INTO "rules" VALUES(63,'com.apple.pf.rule',1,1,'admin',NULL,0,8,10000,0,491746605.677129,491746605.677129,NULL,NULL,NULL,NULL);
INSERT INTO "rules" VALUES(64,'sys.openfile.',1,1,'admin',NULL,300,8,10000,0,491746605.677129,491746605.677129,NULL,NULL,NULL,'See authopen(1) for information on the use of this right.');
INSERT INTO "rules" VALUES(65,'system.services.systemconfiguration.network',1,1,'admin',NULL,2147483647,330,10000,1,491746605.677129,491746605.677129,NULL,NULL,NULL,'For making change to network configuration via System Configuration.');
INSERT INTO "rules" VALUES(66,'com.apple.Safari.allow-apple-events-to-run-javascript',1,1,NULL,NULL,2147483647,12,10000,0,491746605.677129,491746605.677129,NULL,NULL,NULL,'This right is used by Safari to allow Apple Events to run JavaScript on web pages.');
INSERT INTO "rules" VALUES(67,'com.apple.lldb.LaunchUsingXPC',1,1,'admin',NULL,2147483647,8,10000,0,491746605.677129,491746605.677129,NULL,NULL,NULL,NULL);
INSERT INTO "rules" VALUES(68,'com.apple.security.syntheticinput',1,2,NULL,NULL,NULL,0,NULL,0,491746605.677129,491746605.677129,NULL,NULL,NULL,NULL);
INSERT INTO "rules" VALUES(69,'com.apple.OpenScripting.additions.send',1,1,'admin',NULL,2147483647,10,10000,0,491746605.677129,491746605.677129,NULL,NULL,NULL,'Used to send restricted scripting addition commands to processes that require authorization to handle the events.');
INSERT INTO "rules" VALUES(70,'com.apple.library-repair',1,1,'admin',NULL,2147483647,8,10000,0,491746605.677129,491746605.677129,NULL,NULL,NULL,NULL);
INSERT INTO "rules" VALUES(71,'com.apple.XType.fontmover.restore',1,2,NULL,NULL,NULL,0,NULL,0,491746605.677129,491746605.677129,NULL,NULL,NULL,NULL);
INSERT INTO "rules" VALUES(72,'system.csfde.requestpassword',1,2,NULL,NULL,NULL,0,NULL,1,491746605.677129,491746605.677129,NULL,NULL,NULL,'Used by CoreStorage Full Disk Encryption to request the user''s password.');
INSERT INTO "rules" VALUES(73,'system.volume.optical.',1,2,NULL,1,NULL,0,NULL,0,491746605.677129,491746605.677129,NULL,NULL,NULL,'system.volume.optical.(adopt|encode|mount|rename|unmount)');
INSERT INTO "rules" VALUES(74,'com.apple.Safari.show-passwords',1,1,NULL,NULL,10,12,10000,0,491746605.677129,491746605.677129,NULL,NULL,NULL,'This right is used by Safari to show passwords.');
INSERT INTO "rules" VALUES(75,'system.sharepoints.',1,1,'admin',NULL,2147483647,11,10000,0,491746605.677129,491746605.677129,NULL,NULL,NULL,'Checked when making changes to the Sharepoints.');
INSERT INTO "rules" VALUES(76,'com.apple.dashboard.advisory.allow',1,1,'admin',NULL,300,8,10000,0,491746605.677129,491746605.677129,NULL,NULL,NULL,NULL);
INSERT INTO "rules" VALUES(77,'system.volume.external.adopt',1,2,NULL,1,NULL,0,NULL,0,491746605.677129,491746605.677129,NULL,NULL,NULL,'system.volume.(external|internal|removable).(adopt|encode|mount|rename|unmount)');
INSERT INTO "rules" VALUES(78,'config.modify.',1,2,NULL,1,NULL,0,NULL,0,491746605.677129,491746605.677129,NULL,NULL,NULL,'Wildcard right for modifying rights.  Admins are allowed to modify any (non-wildcard) rights.  Root does not require authentication.');
INSERT INTO "rules" VALUES(79,'system.login.screensaver',1,2,NULL,NULL,NULL,0,NULL,1,491746605.677129,491746605.677129,NULL,NULL,NULL,'The owner or any administrator can unlock the screensaver, set rule to "authenticate-session-owner-or-admin" to enable SecurityAgent.');
INSERT INTO "rules" VALUES(80,'com.apple.builtin.confirm-access',1,3,NULL,NULL,NULL,1,1,0,491746605.677129,491746605.677129,NULL,NULL,NULL,NULL);
INSERT INTO "rules" VALUES(81,'system.preferences.energysaver',1,1,'admin',NULL,2147483647,11,10000,0,491746605.677129,491746605.677129,NULL,NULL,NULL,'Checked by the Admin framework when making changes to the Energy Saver preference pane.');
INSERT INTO "rules" VALUES(82,'system.keychain.create.loginkc',1,3,NULL,NULL,NULL,0,10000,1,491746605.677129,517237634.654157,NULL,NULL,NULL,'Used by the Security framework when you add an item to an unconfigured default keychain.');
INSERT INTO "rules" VALUES(83,'system.install.apple-software',1,2,NULL,NULL,NULL,0,NULL,0,491746605.677129,491746605.677129,NULL,NULL,NULL,'Checked when user is installing Apple-provided software.');
INSERT INTO "rules" VALUES(84,'com.apple.security.assessment.update',1,2,NULL,NULL,NULL,0,NULL,0,491746605.677129,491746605.677129,NULL,NULL,NULL,NULL);
INSERT INTO "rules" VALUES(85,'com.apple.desktopservices.scripted',1,1,'admin',NULL,0,8,10000,0,491746605.677129,491746605.677129,NULL,NULL,NULL,'For scripting-initiated privileged file operations from within the Finder.');
INSERT INTO "rules" VALUES(86,'com.apple.docset.install',1,1,'admin',NULL,2147483647,8,10000,0,491746605.677129,491746605.677129,NULL,NULL,NULL,'Used by Xcode to restrict access to a daemon it uses to install and update documentation sets.');
INSERT INTO "rules" VALUES(87,'system.login.fus',1,3,NULL,NULL,NULL,1,10000,1,491746605.677129,491746605.677129,NULL,NULL,NULL,'Login mechanism based rule.  Not for general use, yet.');
INSERT INTO "rules" VALUES(88,'com.apple.Safari.parental-controls',1,2,NULL,1,NULL,0,NULL,0,491746605.677129,491746605.677129,NULL,NULL,NULL,'Checked when changing parental controls for Safari.');
INSERT INTO "rules" VALUES(89,'com.apple.',1,2,NULL,NULL,NULL,0,NULL,0,491746605.677129,491746605.677129,NULL,NULL,NULL,NULL);
INSERT INTO "rules" VALUES(90,'com.apple.ServiceManagement.blesshelper',1,1,'admin',NULL,30,10,10000,1,491746605.677129,491746605.677129,NULL,NULL,NULL,'Used by the ServiceManagement framework to add a privileged helper tool to the system launchd.');
INSERT INTO "rules" VALUES(91,'system.login.console',1,3,NULL,NULL,NULL,1,10000,6,491746605.677129,517237634.654157,NULL,NULL,NULL,'Login mechanism based rule.  Not for general use, yet.');
INSERT INTO "rules" VALUES(92,'system.device.dvd.setregion.initial',1,1,'admin',NULL,2147483647,9,10000,0,491746605.677129,491746605.677129,NULL,NULL,NULL,'Used by the DVD player to set the region code the first time.  Note that changing the region code after it has been set requires a different right (system.device.dvd.setregion.change).');
INSERT INTO "rules" VALUES(93,'system.preferences.network',1,1,'admin',NULL,2147483647,11,10000,0,491746605.677129,491746605.677129,NULL,NULL,NULL,'Checked by the Admin framework when making changes to the Network preference pane.');
INSERT INTO "rules" VALUES(94,'system.login.done',1,3,NULL,NULL,NULL,1,10000,0,491746605.677129,491746605.677129,NULL,NULL,NULL,NULL);
INSERT INTO "rules" VALUES(95,'com.apple.KerberosAgent',1,3,NULL,NULL,NULL,1,10000,0,491746605.677129,491746605.677129,NULL,NULL,NULL,'Used to acquire Kerberos credentials.');
INSERT INTO "rules" VALUES(96,'system.identity.write.',1,2,NULL,1,NULL,0,NULL,0,491746605.677129,491746605.677129,NULL,NULL,NULL,'For creating, changing or deleting local user accounts and groups.');
INSERT INTO "rules" VALUES(97,'com.apple.opendirectoryd.linkidentity',1,2,NULL,NULL,NULL,0,NULL,0,491746605.677129,491746605.677129,NULL,NULL,NULL,NULL);
INSERT INTO "rules" VALUES(98,'com.apple.trust-settings.user',1,2,NULL,NULL,NULL,0,NULL,0,491746605.677129,491746605.677129,NULL,NULL,NULL,'For modifying per-user Trust Settings.');
INSERT INTO "rules" VALUES(99,'system.hdd.smart',1,4,NULL,NULL,NULL,0,NULL,0,491746605.677129,491746605.677129,NULL,NULL,NULL,'For modifying SMART settings.');
INSERT INTO "rules" VALUES(100,'com.apple.AOSNotification.FindMyMac.remove',1,1,'admin',NULL,2147483647,10,10000,0,491746605.677129,491746605.677129,NULL,NULL,NULL,NULL);
INSERT INTO "rules" VALUES(101,'system.preferences.printing',1,1,'admin',NULL,2147483647,11,10000,0,491746605.677129,491746605.677129,NULL,NULL,NULL,'Checked by the Admin framework when making changes to the Printing preference pane.');
INSERT INTO "rules" VALUES(102,'system.preferences.accessibility',1,1,'admin',NULL,0,8,10000,0,491746605.677129,491746605.677129,NULL,NULL,NULL,'Checked when making changes to the Accessibility Preferences.');
INSERT INTO "rules" VALUES(103,'com.apple.activitymonitor.kill',1,2,NULL,NULL,NULL,0,NULL,0,491746605.677129,491746605.677129,NULL,NULL,NULL,'Used by Activity Monitor to authorize killing processes not owned by the user.');
INSERT INTO "rules" VALUES(104,'system.print.admin',1,2,NULL,NULL,NULL,0,NULL,0,491746605.677129,491746605.677129,NULL,NULL,NULL,NULL);
INSERT INTO "rules" VALUES(105,'system.volume.external.',1,2,NULL,1,NULL,0,NULL,0,491746605.677129,491746605.677129,NULL,NULL,NULL,'system.volume.(external|internal|removable).(adopt|encode|mount|rename|unmount)');
INSERT INTO "rules" VALUES(106,'system.volume.optical.adopt',1,2,NULL,1,NULL,0,NULL,0,491746605.677129,491746605.677129,NULL,NULL,NULL,'system.volume.optical.adopt');
INSERT INTO "rules" VALUES(107,'com.apple.builtin.confirm-access-password',1,3,NULL,NULL,NULL,1,10000,0,491746605.677129,491746605.677129,NULL,NULL,NULL,NULL);
INSERT INTO "rules" VALUES(108,'system.volume.removable.',1,2,NULL,1,NULL,0,NULL,0,491746605.677129,491746605.677129,NULL,NULL,NULL,'system.volume.(external|internal|removable).(adopt|encode|mount|rename|unmount)');
INSERT INTO "rules" VALUES(109,'system.burn',1,4,NULL,NULL,NULL,0,NULL,0,491746605.677129,491746605.677129,NULL,NULL,NULL,'For burning media.');
INSERT INTO "rules" VALUES(110,'com.apple.ReportPanic.fixRight',1,1,'admin',NULL,10,138,10000,0,491746605.677129,491746605.677129,NULL,NULL,NULL,NULL);
INSERT INTO "rules" VALUES(111,'system.preferences.parental-controls',1,1,'admin',NULL,2147483647,8,10000,0,491746605.677129,491746605.677129,NULL,NULL,NULL,'Checked when making changes to the Parental Controls preference pane.');
INSERT INTO "rules" VALUES(112,'com.apple.Safari.show-credit-card-numbers',1,1,NULL,NULL,10,12,10000,0,491746605.677129,491746605.677129,NULL,NULL,NULL,'This right is used by Safari to show credit card numbers.');
INSERT INTO "rules" VALUES(113,'system.preferences.security',1,1,'admin',NULL,2147483647,10,10000,0,491746605.677129,491746605.677129,NULL,NULL,NULL,'Checked by the Admin framework when making changes to the Security preference pane.');
INSERT INTO "rules" VALUES(114,'com.apple.Safari.install-ephemeral-extensions',1,1,NULL,NULL,0,12,10000,0,491746605.677129,491746605.677129,NULL,NULL,NULL,'This is the right used by Safari to install an ephemeral extension without a developer certificate present.');
INSERT INTO "rules" VALUES(115,'com.apple.ServiceManagement.daemons.modify',1,2,NULL,1,NULL,0,NULL,1,491746605.677129,517237634.654157,NULL,NULL,NULL,'Used by the ServiceManagement framework to make changes to the system launchd''s set of daemons.');
INSERT INTO "rules" VALUES(116,'system.preferences.location',1,2,NULL,1,NULL,0,NULL,0,491746605.677129,491746605.677129,NULL,NULL,NULL,'For changing the network location from the Apple menu.');
INSERT INTO "rules" VALUES(117,'system.',1,2,NULL,NULL,NULL,0,NULL,0,491746605.677129,491746605.677129,NULL,NULL,NULL,NULL);
INSERT INTO "rules" VALUES(118,'system.preferences.sharing',1,1,'admin',NULL,2147483647,11,10000,0,491746605.677129,491746605.677129,NULL,NULL,NULL,'Checked by the Admin framework when making changes to the Sharing preference pane.');
INSERT INTO "rules" VALUES(119,'com.apple.DiskManagement.',1,2,NULL,1,NULL,0,NULL,0,491746605.677129,491746605.677129,NULL,NULL,NULL,'Used by diskmanagementd to allow access to its privileged functions');
INSERT INTO "rules" VALUES(120,'com.apple.container-repair',1,1,'admin',NULL,30,8,10000,0,491746605.677129,491746605.677129,NULL,NULL,NULL,NULL);
INSERT INTO "rules" VALUES(121,'system.preferences.startupdisk',1,1,'admin',NULL,2147483647,10,10000,1,491746605.677129,491746605.677129,NULL,NULL,NULL,'Checked by the Admin framework when making changes to the Startup Disk preference pane.');
INSERT INTO "rules" VALUES(122,'system.shutdown',1,3,NULL,NULL,NULL,1,10000,0,491746605.677129,491746605.677129,NULL,NULL,NULL,'Checked if the foreground console user tries to shut down the system while other users are logged in via fast-user switching.');
INSERT INTO "rules" VALUES(123,'com.apple.iBooksX.ParentalControl',1,1,'admin',NULL,2147483647,8,10000,0,491746605.677129,491746605.677129,NULL,NULL,NULL,'Checked when making changes to the Parental Controls for iBooks.');
INSERT INTO "rules" VALUES(124,'com.apple.trust-settings.admin',1,1,'admin',NULL,2147483647,10,10000,0,491746605.677129,491746605.677129,NULL,NULL,NULL,'For modifying Trust Settings in the Local Admin domain.');
INSERT INTO "rules" VALUES(125,'system.identity.write.self',1,1,NULL,NULL,2147483647,4,10000,0,491746605.677129,491746605.677129,NULL,NULL,NULL,'Checked when changing authentication credentials (password or certificate) for the current user''s account.');
INSERT INTO "rules" VALUES(126,'com.apple.desktopservices',1,1,'admin',NULL,0,8,10000,0,491746605.677129,491746605.677129,NULL,NULL,NULL,'For privileged file operations from within the Finder.');
INSERT INTO "rules" VALUES(127,'system.install.app-store-software.standard-user',1,1,'admin',NULL,10,40,10000,0,491746605.677129,491746605.677129,NULL,NULL,NULL,'Checked when user is installing new software.');
INSERT INTO "rules" VALUES(128,'system.install.app-store-software',1,2,NULL,NULL,NULL,0,NULL,0,491746605.677129,491746605.677129,NULL,NULL,NULL,'Checked when user is installing software from the App Store.');
INSERT INTO "rules" VALUES(129,'system.preferences.version-cue',1,2,NULL,NULL,NULL,0,NULL,0,491746605.677129,491746605.677129,NULL,NULL,NULL,'For gating modifications to Adobe Version Cue preferences.');
INSERT INTO "rules" VALUES(130,'config.config.',1,5,NULL,NULL,NULL,0,NULL,0,491746605.677129,491746605.677129,NULL,NULL,NULL,'Wildcard right for any change to meta-rights for db modification.  Not allowed programmatically (just edit this file).');
INSERT INTO "rules" VALUES(131,'system.preferences',1,1,'admin',NULL,2147483647,11,10000,0,491746605.677129,491746605.677129,NULL,NULL,NULL,'Checked by the Admin framework when making changes to certain System Preferences.');
INSERT INTO "rules" VALUES(132,'com.apple.SoftwareUpdate.modify-settings',1,2,NULL,NULL,NULL,0,NULL,0,491746605.677129,491746605.677129,NULL,NULL,NULL,'Checked by the Admin framework when making changes to the Software Update preference pane.');
INSERT INTO "rules" VALUES(133,'system.preferences.nvram',1,2,NULL,1,NULL,0,NULL,0,491746605.677129,491746605.677129,NULL,NULL,NULL,NULL);
INSERT INTO "rules" VALUES(134,'com.apple.uninstalld.uninstall',1,2,NULL,NULL,NULL,0,NULL,0,491746605.677129,491746605.677129,NULL,NULL,NULL,NULL);
INSERT INTO "rules" VALUES(135,'system.privilege.taskport',1,1,'_developer',NULL,36000,9,10000,0,491746605.677129,491746605.677129,NULL,NULL,NULL,'Used by task_for_pid(...).
		Task_for_pid is called by programs requesting full control over another program
		for things like debugging or performance analysis. This authorization only applies
		if the requesting and target programs are run by the same user; it will never
		authorize access to the program of another user.  WARNING: administrators are advised not to modify this right.');
INSERT INTO "rules" VALUES(136,'system.volume.',1,2,NULL,1,NULL,0,NULL,0,491746605.677129,491746605.677129,NULL,NULL,NULL,'system.volume.(external|internal|removable).(adopt|encode|mount|rename|unmount)');
INSERT INTO "rules" VALUES(137,'system.volume.network.',1,2,NULL,1,NULL,0,NULL,0,491746605.677129,491746605.677129,NULL,NULL,NULL,'system.volume.network.unmount');
INSERT INTO "rules" VALUES(138,'system.install.software',1,1,'admin',NULL,300,10,10000,0,491746605.677129,491746605.677129,NULL,NULL,NULL,'Checked when user is installing new software.');
INSERT INTO "rules" VALUES(139,'system.login.tty',1,2,NULL,NULL,NULL,0,NULL,1,491746605.677129,491746605.677129,NULL,NULL,NULL,NULL);
INSERT INTO "rules" VALUES(140,'system.global-login-items.',1,2,NULL,1,NULL,0,NULL,1,491746605.677129,491746605.677129,NULL,NULL,NULL,NULL);
INSERT INTO "rules" VALUES(141,'com.apple.XType.fontmover.remove',1,1,'admin',NULL,300,11,10000,0,491746605.677129,491746605.677129,NULL,NULL,NULL,NULL);
INSERT INTO "rules" VALUES(142,'system.preferences.security.remotepair',1,1,'admin',NULL,30,73,10000,1,491746605.677129,491746605.677129,NULL,NULL,NULL,'Used by Bezel Services to gate IR remote pairing.');
INSERT INTO "rules" VALUES(143,'com.apple.server.admin.streaming',1,2,NULL,1,NULL,0,NULL,0,491746605.677129,491746605.677129,NULL,NULL,NULL,'For making administrative requests to the QuickTime Streaming Server.');
INSERT INTO "rules" VALUES(144,'system.keychain.modify',1,1,'admin',NULL,30,9,10000,0,491746605.677129,491746605.677129,NULL,NULL,NULL,'Used by Keychain Access when editing a system keychain.');
INSERT INTO "rules" VALUES(145,'system.preferences.softwareupdate',1,1,'admin',NULL,2147483647,11,10000,0,491746605.677129,491746605.677129,NULL,NULL,NULL,'Checked by the Admin framework when making changes to the Software Update preference pane.');
INSERT INTO "rules" VALUES(146,'com.apple.XType.fontmover.install',1,1,'admin',NULL,300,11,10000,0,491746605.677129,491746605.677129,NULL,NULL,NULL,NULL);
INSERT INTO "rules" VALUES(147,'system.services.directory.configure',1,1,'admin',NULL,2147483647,10,10000,0,491746605.677129,491746605.677129,NULL,NULL,NULL,'For making Directory Services changes.');
INSERT INTO "rules" VALUES(148,'com.apple.builtin.generic-new-passphrase',1,3,NULL,NULL,NULL,1,10000,0,491746605.677129,491746605.677129,NULL,NULL,NULL,NULL);
INSERT INTO "rules" VALUES(149,'system.privilege.admin',1,1,'admin',NULL,300,10,10000,0,491746605.677129,491746605.677129,NULL,NULL,NULL,'Used by AuthorizationExecuteWithPrivileges(...).  
		AuthorizationExecuteWithPrivileges() is used by programs requesting
		to run a tool as root (e.g., some installers).');
INSERT INTO "rules" VALUES(150,'com.apple.icloud.passwordreset',1,1,NULL,NULL,0,524,10000,1,491746605.677129,517239924.62895,NULL,NULL,NULL,'Authenticate as the session owner to reset iCloud password');
INSERT INTO "rules" VALUES(151,'config.remove.',1,2,NULL,1,NULL,0,NULL,0,491746605.677129,491746605.677129,NULL,NULL,NULL,'Wildcard right for deleting rights.  Admins are allowed to delete any (non-wildcard) rights.  Root does not require authentication.');
INSERT INTO "rules" VALUES(152,'com.apple.builtin.generic-unlock',1,3,NULL,NULL,NULL,1,10000,0,491746605.677129,491746605.677129,NULL,NULL,NULL,NULL);
INSERT INTO "rules" VALUES(153,'com.apple.Safari.allow-javascript-in-smart-search-field',1,1,NULL,NULL,2147483647,12,10000,0,491746605.677129,491746605.677129,NULL,NULL,NULL,'This right is used by Safari to allow JavaScript to be used in the Smart Search Field.');
INSERT INTO "rules" VALUES(154,'system.preferences.timemachine',1,1,'admin',NULL,2147483647,11,10000,0,491746605.677129,491746605.677129,NULL,NULL,NULL,'Checked by the Admin framework when making changes to the Time Machine preference pane.');
INSERT INTO "rules" VALUES(155,'system.volume.removable.adopt',1,2,NULL,1,NULL,0,NULL,0,491746605.677129,491746605.677129,NULL,NULL,NULL,'system.volume.(external|internal|removable).(adopt|encode|mount|rename|unmount)');
INSERT INTO "rules" VALUES(156,'com.apple.appserver.privilege.user',1,2,NULL,1,NULL,0,NULL,0,491746605.677129,491746605.677129,NULL,NULL,NULL,'For user access to the Application Server management tool.');
INSERT INTO "rules" VALUES(157,'system.privilege.taskport.debug',1,1,'_developer',NULL,36000,9,10000,0,491746605.677129,491746605.677129,NULL,NULL,NULL,'For use by Apple.  WARNING: administrators are advised
            not to modify this right.');
INSERT INTO "rules" VALUES(158,'com.apple.CoreRAID.admin',1,2,NULL,NULL,NULL,0,NULL,0,491746605.989315,491746605.989315,NULL,'com.apple.CoreRAIDServer',X'FADE0C000000003400000001000000060000000200000018636F6D2E6170706C652E436F72655241494453657276657200000003','Used by CoreRAID to allow access to administration functions of RAID devices');
INSERT INTO "rules" VALUES(159,'com.apple.wifi',1,2,NULL,1,NULL,0,NULL,0,491746606.008919,521975281.581917,NULL,'com.apple.airport.airportd',X'FADE0C00000000380000000100000006000000020000001A636F6D2E6170706C652E616972706F72742E616972706F727464000000000003','For restricting WiFi control');
INSERT INTO "rules" VALUES(160,'com.apple.wireless-diagnostics',1,1,'admin',NULL,2147483647,10,10000,0,491746606.065635,491746606.065635,NULL,'com.apple.wdhelper',X'FADE0C000000003000000001000000060000000200000012636F6D2E6170706C652E776468656C706572000000000003','Used by the WirelessDiagnosticsSupport framework to restrict XPC services provided by the wdhelper daemon');
INSERT INTO "rules" VALUES(161,'com.apple.familycontrols.override',1,1,'admin',NULL,5,8,10000,0,491746852.493844,491746852.493844,NULL,'com.apple.parentalcontrolsd',X'FADE0C00000000380000000100000006000000020000001B636F6D2E6170706C652E706172656E74616C636F6E74726F6C73640000000003','This right is checked when overriding parental controls from a user account');
INSERT INTO "rules" VALUES(162,'com.apple.familycontrols.loginwindow.override',1,3,NULL,NULL,NULL,1,10000,0,491746852.538738,491746852.538738,NULL,'com.apple.parentalcontrolsd',X'FADE0C00000000380000000100000006000000020000001B636F6D2E6170706C652E706172656E74616C636F6E74726F6C73640000000003','This right is checked when overriding a parental control restriction');
INSERT INTO "rules" VALUES(163,'com.sophos.scanning.passive',1,2,NULL,NULL,NULL,0,NULL,0,491912695.087148,491912695.087148,NULL,'com.sophos.SophosAntiVirus',X'FADE0C00000000A80000000100000006000000020000001A636F6D2E736F70686F732E536F70686F73416E746956697275730000000000060000000F000000060000000E000000010000000A2A864886F76364060206000000000000000000060000000E000000000000000A2A864886F7636406010D0000000000000000000B000000000000000A7375626A6563742E4F550000000000010000000A324835474648333737340000',NULL);
INSERT INTO "rules" VALUES(164,'com.sophos.scanning.destructive',1,1,'admin',NULL,300,9,10000,0,491912695.109285,491912695.109285,NULL,'com.sophos.SophosAntiVirus',X'FADE0C00000000A80000000100000006000000020000001A636F6D2E736F70686F732E536F70686F73416E746956697275730000000000060000000F000000060000000E000000010000000A2A864886F76364060206000000000000000000060000000E000000000000000A2A864886F7636406010D0000000000000000000B000000000000000A7375626A6563742E4F550000000000010000000A324835474648333737340000','Used by Sophos Server to execute high-privilege scans.');
INSERT INTO "rules" VALUES(165,'com.sophos.cleanup',1,1,'admin',NULL,300,9,10000,0,491912695.148462,491912695.148462,NULL,'com.sophos.SophosAntiVirus',X'FADE0C00000000A80000000100000006000000020000001A636F6D2E736F70686F732E536F70686F73416E746956697275730000000000060000000F000000060000000E000000010000000A2A864886F76364060206000000000000000000060000000E000000000000000A2A864886F7636406010D0000000000000000000B000000000000000A7375626A6563742E4F550000000000010000000A324835474648333737340000','Used by Sophos Server to cleanup threats.');
INSERT INTO "rules" VALUES(166,'com.sophos.preferences',1,1,'admin',NULL,300,9,10000,0,491912695.183681,491912695.183681,NULL,'com.sophos.SophosAntiVirus',X'FADE0C00000000A80000000100000006000000020000001A636F6D2E736F70686F732E536F70686F73416E746956697275730000000000060000000F000000060000000E000000010000000A2A864886F76364060206000000000000000000060000000E000000000000000A2A864886F7636406010D0000000000000000000B000000000000000A7375626A6563742E4F550000000000010000000A324835474648333737340000','Used by Sophos to write preference files.');
INSERT INTO "rules" VALUES(167,'com.omnigroup.OmniSoftwareUpdate.InstallUpdate',1,1,'admin',NULL,300,8,10000,1,493140346.441412,493140346.441412,NULL,'com.omnigroup.OmniSoftwareUpdate.OSUInstallerService',X'FADE0C00000000C000000001000000060000000200000034636F6D2E6F6D6E6967726F75702E4F6D6E69536F6674776172655570646174652E4F5355496E7374616C6C657253657276696365000000060000000F000000060000000E000000010000000A2A864886F76364060206000000000000000000060000000E000000000000000A2A864886F7636406010D0000000000000000000B000000000000000A7375626A6563742E4F550000000000010000000A333459573558535242370000',NULL);
INSERT INTO "rules" VALUES(168,'com.apple.dt.Xcode.LicenseAgreementXPCServiceRights',1,1,'admin',NULL,2147483647,8,10000,0,493817158.902105,493817158.902105,NULL,'com.apple.dt.Xcode',X'FADE0C0000000058000000010000000600000007000000060000000F0000000E000000000000000A2A864886F76364060109000000000000000000030000000200000012636F6D2E6170706C652E64742E58636F64650000','Xcode FLE rights');
INSERT INTO "rules" VALUES(169,'com.sophos.sec.StopScan',1,2,NULL,NULL,NULL,0,NULL,0,498647832.148901,498647832.148901,NULL,'com.sophos.macendpoint.Sophos-Anti-Virus',X'FADE0C00000000B400000001000000060000000200000028636F6D2E736F70686F732E6D6163656E64706F696E742E536F70686F732D416E74692D5669727573000000060000000F000000060000000E000000010000000A2A864886F76364060206000000000000000000060000000E000000000000000A2A864886F7636406010D0000000000000000000B000000000000000A7375626A6563742E4F550000000000010000000A324835474648333737340000',NULL);
INSERT INTO "rules" VALUES(170,'com.sophos.sec.DeleteScan',1,2,NULL,NULL,NULL,0,NULL,0,498647832.186803,498647832.186803,NULL,'com.sophos.macendpoint.Sophos-Anti-Virus',X'FADE0C00000000B400000001000000060000000200000028636F6D2E736F70686F732E6D6163656E64706F696E742E536F70686F732D416E74692D5669727573000000060000000F000000060000000E000000010000000A2A864886F76364060206000000000000000000060000000E000000000000000A2A864886F7636406010D0000000000000000000B000000000000000A7375626A6563742E4F550000000000010000000A324835474648333737340000',NULL);
INSERT INTO "rules" VALUES(171,'authenticate-admin-nonshared',2,1,'admin',NULL,30,8,10000,1,517237634.654157,517237634.654157,NULL,NULL,NULL,'Authenticate as an administrator.');
INSERT INTO "rules" VALUES(172,'kcunlock',2,3,NULL,NULL,NULL,17,10000,1,517237634.654157,517237634.654157,NULL,NULL,NULL,NULL);
INSERT INTO "rules" VALUES(173,'localauthentication-context',2,3,NULL,NULL,NULL,1,10000,0,517237634.654157,517237634.654157,NULL,NULL,NULL,'Used by LocalAuthentication to pass externalized context.');
INSERT INTO "rules" VALUES(174,'is-admin-nonshared',2,1,'admin',NULL,2147483647,0,10000,0,517237634.654157,517237634.654157,NULL,NULL,NULL,'Verify that the user asking for authorization is an administrator - nonshared right.');
INSERT INTO "rules" VALUES(175,'authenticate-staff-extract-context',2,2,NULL,2,NULL,0,NULL,0,517237634.654157,517237634.654157,NULL,NULL,NULL,NULL);
INSERT INTO "rules" VALUES(176,'entitled-admin-nonshared',2,2,NULL,2,NULL,0,NULL,0,517237634.654157,517237634.654157,NULL,NULL,NULL,NULL);
INSERT INTO "rules" VALUES(177,'entitled-admin-or-authenticate-admin-nonshared',2,2,NULL,1,NULL,0,NULL,0,517237634.654157,517237634.654157,NULL,NULL,NULL,NULL);
INSERT INTO "rules" VALUES(178,'com.apple.safaridriver.allow',1,1,'admin',NULL,2147483647,11,10000,0,517237634.654157,517237634.654157,NULL,NULL,NULL,'This right is used by safaridriver to allow running it.');
INSERT INTO "rules" VALUES(179,'com.apple.ctkbind.admin',1,1,'admin',NULL,2147483647,8,10000,0,517237634.654157,517237634.654157,NULL,NULL,NULL,NULL);
INSERT INTO "rules" VALUES(180,'com.apple.security.sudo',1,2,NULL,2,NULL,0,NULL,0,517237634.654157,517237634.654157,NULL,NULL,NULL,NULL);
INSERT INTO "rules" VALUES(181,'system.preferences.continuity',1,2,NULL,NULL,NULL,0,NULL,0,517237634.654157,517237634.654157,NULL,NULL,NULL,'Used by Password And Continuity PrefPane to request the user''s password.');
INSERT INTO "rules" VALUES(182,'system.localauthentication.ui',1,3,NULL,NULL,NULL,1,10000,0,517237634.654157,517237634.654157,NULL,NULL,NULL,'Used by LocalAuthentication to display its UI.');
INSERT INTO "rules" VALUES(183,'com.apple.ctk.pair',1,2,NULL,NULL,NULL,0,NULL,0,517237634.654157,517237634.654157,NULL,NULL,NULL,NULL);
INSERT INTO "rules" VALUES(184,'com.apple.builtin.sc-kc-new-passphrase',1,3,NULL,NULL,NULL,1,10000,0,517237634.654157,517237634.654157,NULL,NULL,NULL,NULL);
INSERT INTO "rules" VALUES(185,'com.apple.wifivelocity',1,1,'admin',NULL,2147483647,10,10000,0,517237896.567956,517237896.567956,NULL,'com.apple.$(PRODUCT_BUNDLE_IDENTIFIER)',X'FADE0C000000004400000001000000060000000200000026636F6D2E6170706C652E242850524F445543545F42554E444C455F4944454E54494649455229000000000003','Used by the WiFiVelocity framework to restrict XPC services');
CREATE TABLE config ('key' TEXT PRIMARY KEY NOT NULL UNIQUE,value);
INSERT INTO "config" VALUES('version',1);
INSERT INTO "config" VALUES('data_ts',514425699.0);
CREATE TABLE prompts (r_id INTEGER NOT NULL REFERENCES rules(id) ON DELETE CASCADE,lang TEXT NOT NULL,value TEXT NOT NULL);
INSERT INTO "prompts" VALUES(167,'','Omni Software Update is trying to install an update.');
INSERT INTO "prompts" VALUES(168,'en','In order to accept the license or install components, Xcode needs to acquire admin privileges.');
CREATE TABLE buttons (r_id INTEGER NOT NULL REFERENCES rules(id) ON DELETE CASCADE,lang TEXT NOT NULL,value TEXT NOT NULL);
DELETE FROM sqlite_sequence;
INSERT INTO "sqlite_sequence" VALUES('rules',185);
INSERT INTO "sqlite_sequence" VALUES('mechanisms',41);
CREATE INDEX d_map_d_id ON delegates_map(d_id);
CREATE INDEX d_map_r_id ON delegates_map(r_id);
CREATE INDEX d_map_r_id_ord ON delegates_map (r_id, ord);
CREATE UNIQUE INDEX mechanisms_lookup ON mechanisms (plugin,param,privileged);
CREATE INDEX m_map_m_id ON mechanisms_map (m_id);
CREATE INDEX m_map_r_id ON mechanisms_map (r_id);
CREATE INDEX m_map_r_id_ord ON mechanisms_map (r_id, ord);
CREATE INDEX a_type ON rules (type);
CREATE INDEX p_r_id ON prompts(r_id);
CREATE INDEX b_r_id ON buttons(r_id);
COMMIT;
